{
  "train": {
    "auc": 0.7450862657231438,
    "brier": 0.11511555214177992,
    "accuracy": 0.8520833333333333,
    "precision": 0.6,
    "recall": 0.09016393442622951,
    "f1": 0.15676959619952494
  },
  "val": {
    "auc": 0.7679030203588161,
    "brier": 0.11045775254723732,
    "accuracy": 0.855,
    "precision": 0.75,
    "recall": 0.06593406593406594,
    "f1": 0.12121212121212123
  },
  "test": {
    "auc": 0.6998222586819798,
    "brier": 0.12314682371314795,
    "accuracy": 0.8468708388814914,
    "precision": 0.5,
    "recall": 0.043478260869565216,
    "f1": 0.08
  },
  "features": [
    "male",
    "age",
    "totChol",
    "sysBP",
    "diaBP",
    "BMI",
    "currentSmoker",
    "cigsPerDay",
    "BPMeds",
    "diabetes",
    "glucose",
    "heartRate"
  ]
}